song_id,song_name,artist_name,song_tags,mv_id,source_list
4830345,阴天,莫文蔚,经典/流行,1,QQMusic_Top_26
7048773,半壶纱,刘珂矣,经典/流行,1,QQMusic_Top_26
496054946,恋人,李荣浩,经典/流行,1,QQMusic_Top_26
645819,雨爱,杨丞琳,经典/流行,1,QQMusic_Top_26
1960263,雨过后的风景,Dizzy Dizzo (蔡诗芸),经典/流行,1,QQMusic_Top_26
105905415,爱错,王力宏,经典/流行,1,QQMusic_Top_26
501223907,走走,李荣浩,经典/流行,1,QQMusic_Top_26
5211338,我怀念的,孙燕姿,经典/流行,1,QQMusic_Top_26
624186273,枪火 (相对那就针锋相对),宝石Gem,经典/流行,1,QQMusic_Top_26
438910555,唯一,G.E.M. 邓紫棋,经典/流行,1,QQMusic_Top_26
231594573,出现又离开 (Live),梁博,经典/流行,1,QQMusic_Top_26
666124541,玻璃,Gareth.T,经典/流行,1,QQMusic_Top_26
566863870,Radio (Dum-Dum),宋雨琦 (YUQI) (우기),经典/流行,1,QQMusic_Top_26
102636799,演员,薛之谦,经典/流行,1,QQMusic_Top_26
649285246,人生路漫漫,白小白,经典/流行,1,QQMusic_Top_26
212808217,你要的全拿走,胡彦斌,经典/流行,1,QQMusic_Top_26
205357640,春娇与志明,街道办GDC,经典/流行,1,QQMusic_Top_26
104775877,其实,薛之谦,经典/流行,1,QQMusic_Top_26
5293866,特别的人,方大同,经典/流行,1,QQMusic_Top_26
102367085,不将就,李荣浩,经典/流行,1,QQMusic_Top_26
107709592,后来的我们,五月天,经典/流行,1,QQMusic_Top_26
326584182,如愿,王菲,经典/流行,1,QQMusic_Top_26
649556362,那天下雨了,周杰伦,经典/流行,0,QQMusic_Top_26
447257,Always Online,林俊杰,经典/流行,1,QQMusic_Top_26
5646,开始懂了,孙燕姿,经典/流行,1,QQMusic_Top_26
624649,红色高跟鞋,蔡健雅,经典/流行,1,QQMusic_Top_26
4733575,失眠,Suki刘舒妤,经典/流行,1,QQMusic_Top_26
9063002,江南,林俊杰,经典/流行,1,QQMusic_Top_26
473137,偏爱,张芸京,经典/流行,1,QQMusic_Top_26
462188,情歌,梁静茹,经典/流行,1,QQMusic_Top_26
212672370,喜欢,阿肆,经典/流行,0,QQMusic_Top_26
105413206,我们俩,郭顶,经典/流行,0,QQMusic_Top_26
4835784,海阔天空,BEYOND,经典/流行,1,QQMusic_Top_26
253383943,离开我的依赖,王艳薇,经典/流行,1,QQMusic_Top_26
102174489,多远都要在一起,G.E.M. 邓紫棋,经典/流行,1,QQMusic_Top_26
8136,我不难过,孙燕姿,经典/流行,1,QQMusic_Top_26
102636800,下雨了,薛之谦,经典/流行,1,QQMusic_Top_26
7112749,坏女孩,徐良,经典/流行,1,QQMusic_Top_26
591592617,野心家,张靓颖,经典/流行,0,QQMusic_Top_26
7063423,一样的月光,徐佳莹,经典/流行,0,QQMusic_Top_26
101138130,ANGEL (天使),尹美莱 (윤미래),经典/流行,1,QQMusic_Top_26
101813361,素颜,许嵩,经典/流行,0,QQMusic_Top_26
8145,遇见,孙燕姿,经典/流行,1,QQMusic_Top_26
4716045,一个人想着一个人,曾沛慈,经典/流行,1,QQMusic_Top_26
260678,富士山下,陈奕迅,经典/流行,1,QQMusic_Top_26
653921365,有风的日落,万海东,经典/流行,0,QQMusic_Top_26
138194,讨厌,芮恩,经典/流行,1,QQMusic_Top_26
4830342,十年,陈奕迅,经典/流行,1,QQMusic_Top_26
1338414,最佳损友,陈奕迅,经典/流行,1,QQMusic_Top_26
247347346,句号,G.E.M. 邓紫棋,经典/流行,1,QQMusic_Top_26
1473252,Beauty And A Beat,Justin Bieber,经典/流行,1,QQMusic_Top_26
97773,晴天,周杰伦,经典/流行,1,QQMusic_Top_26
560063927,第57次取消发送,菲菲公主（陆绮菲）,经典/流行,0,QQMusic_Top_26
474797,心墙,郭静,经典/流行,1,QQMusic_Top_26
1530858,泡沫,G.E.M. 邓紫棋,经典/流行,1,QQMusic_Top_26
526713,黄昏,周传雄,经典/流行,1,QQMusic_Top_26
102204539,青花,周传雄,经典/流行,1,QQMusic_Top_26
638781692,海屿你 (破碎版),白慕寒,经典/流行,0,QQMusic_Top_26
650672929,Fever Pitch,Richz,经典/流行,0,QQMusic_Top_26
422061155,瞬,郑润泽,经典/流行,0,QQMusic_Top_26
272125057,天外来物,薛之谦,经典/流行,1,QQMusic_Top_26
102388808,那些你很冒险的梦,林俊杰,经典/流行,1,QQMusic_Top_26
876549,爱情讯息,郭静,经典/流行,1,QQMusic_Top_26
104780330,勋章,鹿晗,经典/流行,1,QQMusic_Top_26
5063375,修炼爱情,林俊杰,经典/流行,1,QQMusic_Top_26
336582682,无名的人,毛不易,经典/流行,1,QQMusic_Top_26
7112743,后会无期,徐良,经典/流行,1,QQMusic_Top_26
721636,最后一页,江语晨,经典/流行,1,QQMusic_Top_26
1030353,Letting Go,蔡健雅,经典/流行,1,QQMusic_Top_26
101125834,我们的明天,鹿晗,经典/流行,1,QQMusic_Top_26
95292,美人鱼,林俊杰,经典/流行,1,QQMusic_Top_26
577069284,颜色,Gareth.T,经典/流行,1,QQMusic_Top_26
663654314,你有没有真的爱过我,阿图表妹,经典/流行,0,QQMusic_Top_26
102204563,至少还有你,林忆莲,经典/流行,1,QQMusic_Top_26
662694455,主角,王菲,经典/流行,1,QQMusic_Top_26
102193483,我们的歌,王力宏,经典/流行,1,QQMusic_Top_26
213958134,可不可以,张紫豪,经典/流行,0,QQMusic_Top_26
7211247,爱我还是他,陶喆,经典/流行,1,QQMusic_Top_26
102296985,有何不可,许嵩,经典/流行,0,QQMusic_Top_26
1531817,幻听,许嵩,经典/流行,1,QQMusic_Top_26
108787382,下完这场雨,后弦,经典/流行,1,QQMusic_Top_26
4830150,后来,刘若英,经典/流行,1,QQMusic_Top_26
202060179,Only One,Alex Band,经典/流行,1,QQMusic_Top_26
648231,背对背拥抱,林俊杰,经典/流行,1,QQMusic_Top_26
140269,夏天的风,温岚,经典/流行,1,QQMusic_Top_26
215540451,倒数,G.E.M. 邓紫棋,经典/流行,1,QQMusic_Top_26
5211222,天黑黑,孙燕姿,经典/流行,1,QQMusic_Top_26
459088908,夏夜最后的烟火,颜人中,经典/流行,0,QQMusic_Top_26
5016169,模特,李荣浩,经典/流行,1,QQMusic_Top_26
470336,我知道,BY2,经典/流行,1,QQMusic_Top_26
1333803,认真的雪,薛之谦,经典/流行,1,QQMusic_Top_26
107762070,小半,陈粒,经典/流行,0,QQMusic_Top_26
200150419,舍得,王唯旖,经典/流行,1,QQMusic_Top_26
372639235,我记得,赵雷,经典/流行,1,QQMusic_Top_26
1255742,红豆,王菲,经典/流行,1,QQMusic_Top_26
203452364,无人之岛,任然,经典/流行,1,QQMusic_Top_26
4830164,勇气,梁静茹,经典/流行,1,QQMusic_Top_26
639141,Love Story,Taylor Swift,经典/流行,1,QQMusic_Top_26
658567374,LEMONADE,aespa (에스파),经典/流行,1,QQMusic_Top_26
876541,下一个天亮,郭静,经典/流行,1,QQMusic_Top_26
4829909,我是真的爱上你,王杰,经典/流行,1,QQMusic_Top_26
200255722,光年之外,G.E.M. 邓紫棋,经典/流行,1,QQMusic_Top_26
330977131,如果可以,韦礼安,经典/流行,1,QQMusic_Top_26
678348,迷人的危险,Dance Flow,经典/流行,1,QQMusic_Top_26
212606735,体面,于文文,经典/流行,1,QQMusic_Top_26
405007729,愿与愁,林俊杰,经典/流行,1,QQMusic_Top_26
277677595,有些,颜人中,经典/流行,0,QQMusic_Top_26
224278998,大眠,王心凌,经典/流行,1,QQMusic_Top_26
5408217,夜空中最亮的星,逃跑计划,经典/流行,1,QQMusic_Top_26
460049,如果当时,许嵩,经典/流行,0,QQMusic_Top_26
2550926,麦恩莉,方大同,经典/流行,1,QQMusic_Top_26
273032705,他不懂,张杰,经典/流行,1,QQMusic_Top_26
1021078,孤独患者,陈奕迅,经典/流行,0,QQMusic_Top_26
7072290,平凡之路,朴树,经典/流行,1,QQMusic_Top_26
229661539,那时雨,徐良,经典/流行,1,QQMusic_Top_26
382212594,执子之手,宝石Gem,经典/流行,0,QQMusic_Top_26
471040573,如果爱忘了 (Live),汪苏泷,经典/流行,1,QQMusic_Top_26
7102716,惊鸿一面,许嵩,经典/流行,0,QQMusic_Top_26
205137019,感谢你曾来过,Ayo97,经典/流行,0,QQMusic_Top_26
273032704,天下,张杰,经典/流行,1,QQMusic_Top_26
107439472,我好像在哪见过你,薛之谦,经典/流行,1,QQMusic_Top_26
475408,奢香夫人,凤凰传奇,经典/流行,1,QQMusic_Top_26
330621486,可惜没如果,林俊杰,经典/流行,1,QQMusic_Top_26
102069682,老街,李荣浩,经典/流行,0,QQMusic_Top_26
7168586,喜欢你,G.E.M. 邓紫棋,经典/流行,1,QQMusic_Top_26
202057627,在你的身边,盛哲,经典/流行,0,QQMusic_Top_26
95312,第一次爱的人,王心凌,经典/流行,1,QQMusic_Top_26
218224537,年少有为,李荣浩,经典/流行,1,QQMusic_Top_26
5079006,你就不要想起我,田馥甄,经典/流行,1,QQMusic_Top_26
203644381,Baby,Justin Bieber,经典/流行,1,QQMusic_Top_26
257621,恶作剧,王蓝茵,经典/流行,1,QQMusic_Top_26
202371397,起风了 (旧版),买辣椒也用券,经典/流行,1,QQMusic_Top_26
102065750,搁浅,周杰伦,经典/流行,1,QQMusic_Top_26
460498,心跳,王力宏,经典/流行,1,QQMusic_Top_26
222789437,想你和我们的以后,苏运莹,经典/流行,0,QQMusic_Top_26
5068371,"Baby, Don't Cry (人鱼的眼泪) (Chinese Ver.)",EXO (엑소),经典/流行,0,QQMusic_Top_26
330621483,新地球,林俊杰,经典/流行,1,QQMusic_Top_26
201697348,暧昧,薛之谦,经典/流行,1,QQMusic_Top_26
668315694,DDI RO RI,MEOVV (미야오),经典/流行,0,QQMusic_Top_26
102793935,IF YOU,BIGBANG (빅뱅),经典/流行,0,QQMusic_Top_26
449198,花海,周杰伦,经典/流行,1,QQMusic_Top_26
449205,稻香,周杰伦,经典/流行,1,QQMusic_Top_26
107192078,告白气球,周杰伦,经典/流行,1,QQMusic_Top_26
669812618,幽光,刘宇宁,经典/流行,0,QQMusic_Top_26
102065756,七里香,周杰伦,经典/流行,1,QQMusic_Top_26
102350740,此生不换,青鸟飞鱼,经典/流行,1,QQMusic_Top_26
718477,夜曲,周杰伦,经典/流行,1,QQMusic_Top_26
670758120,胆小鬼 (Live),宋亚轩,经典/流行,1,QQMusic_Top_26
560082126,零距离的思念,TINY7,经典/流行,1,QQMusic_Top_26
553433850,茶花开了，该回家了,王睿卓,经典/流行,1,QQMusic_Top_26
670754917,电台情歌 (Live),窦靖童,经典/流行,0,QQMusic_Top_26
670876266,宇宙游乐场,梓渝,经典/流行,0,QQMusic_Top_26
672689020,海底,凤凰传奇,经典/流行,0,QQMusic_Top_26
655822815,静音恋人 (两颗缠绕的心),礼越,经典/流行,0,QQMusic_Top_26
4933775,是非题,莫文蔚,经典/流行,0,QQMusic_Top_26
664405637,忘记时间 (空灵女声版),远山雪满头,经典/流行,0,QQMusic_Top_26
663379282,岁月如笔写春秋,郭少杰,经典/流行,0,QQMusic_Top_26
664710797,갑자기 (Suddenly),I.O.I (아이오아이),经典/流行,1,QQMusic_Top_26
668711770,ENJOY THE SHOW,HENRY刘宪华,经典/流行,1,QQMusic_Top_26
667507936,无憾 (港风女声版),林栖,经典/流行,0,QQMusic_Top_26
667187091,只若初见,落日微醺,经典/流行,0,QQMusic_Top_26
227839965,Can't Get You out of My Head,Kylie Minogue,经典/流行,1,QQMusic_Top_26
672437013,百无聊赖,TF家族-杨博文,经典/流行,0,QQMusic_Top_26
669133784,Don't Break My Heart (Live),窦靖童,经典/流行,0,QQMusic_Top_26
660866925,Sign,82MAJOR (82메이저),经典/流行,1,QQMusic_Top_26
668315695,Hit 'Em,MEOVV (미야오),经典/流行,0,QQMusic_Top_26
667182503,香烟与吻痕,Hogee,经典/流行,0,QQMusic_Top_26
657406239,Kiss Believer,MIKS,经典/流行,0,QQMusic_Top_26
670505076,hate that i made you love me,Ariana Grande,经典/流行,1,QQMusic_Top_26
668789749,香烟与吻痕 (R&B微醺版),月色微醺,经典/流行,0,QQMusic_Top_26
666351372,不再回头,付豪,经典/流行,0,QQMusic_Top_26
668595866,第一次爱的人 (Live),姚晓棠,经典/流行,1,QQMusic_Top_26
658567370,WDA (Whole Different Animal) (Feat. G-DRAGON),aespa (에스파),经典/流行,0,QQMusic_Top_26
666829421,一天,队长,经典/流行,1,QQMusic_Top_26
664061503,Atmos,SHINee (샤이니),经典/流行,1,QQMusic_Top_26
428336,100种生活,卢广仲,经典/流行,1,QQMusic_Top_26
672366609,Stop Missing You,卓沅,经典/流行,0,QQMusic_Top_26
450132759,七溜八溜 WAIYA,万妮达Vinida Weng,经典/流行,1,QQMusic_Top_26
668315696,In my hands,MEOVV (미야오),经典/流行,0,QQMusic_Top_26
658567372,Camouflage,aespa (에스파),经典/流行,0,QQMusic_Top_26
671632463,与你,ZIYU Official Fan Club,经典/流行,1,QQMusic_Top_26
656518393,力拔山兮气盖世 (共鸣旋律),404Hz,经典/流行,0,QQMusic_Top_26
659789664,别再说是谁的错 (R&B版),Sixteen,经典/流行,0,QQMusic_Top_26
667990920,一样的月光 (Live),曾沛慈,经典/流行,1,QQMusic_Top_26
668315698,Favorite song,MEOVV (미야오),经典/流行,0,QQMusic_Top_26
664616463,Baby Now That I Found You,Ella Bright,经典/流行,0,QQMusic_Top_26
670541087,一曲相思(欲问青天这人生有几何),海来阿木,经典/流行,0,QQMusic_Top_26
665183927,阿嬷的情书,九日NineNine,经典/流行,0,QQMusic_Top_26
583625545,可不可以 (全球巡回演唱会Live限定单曲),陈立农,经典/流行,0,QQMusic_Top_26
229660510,不好听,徐良,经典/流行,1,QQMusic_Top_26
658567371,SHAKIN',aespa (에스파),经典/流行,0,QQMusic_Top_26
665712837,It's Raining (feat. Lilly Choi),Dept (뎁트),经典/流行,0,QQMusic_Top_26
664352049,IF I,TREASURE (트레저),经典/流行,1,QQMusic_Top_26
666330888,无风带,陈卓璇,经典/流行,1,QQMusic_Top_26
658567373,Can't Help Myself,aespa (에스파),经典/流行,0,QQMusic_Top_26
668675006,心云,张偲偲,经典/流行,0,QQMusic_Top_26
669135735,Alive,王嘉尔,经典/流行,1,QQMusic_Top_26
660524293,一直都活在梦里 (氛围R&B版),Sixteen,经典/流行,0,QQMusic_Top_26
667141650,张仙语三,任素汐,经典/流行,0,QQMusic_Top_26
664944303,孤雏 (Live),宋亚轩,经典/流行,0,QQMusic_Top_26
229660511,飞机场,徐良,经典/流行,1,QQMusic_Top_26
102351802,回到最爱的那天,洪卓立,经典/流行,1,QQMusic_Top_26
839079,On The Floor,Jennifer Lopez,经典/流行,1,QQMusic_Top_26
667086151,珊瑚颂 (雷鬼版),大头钉团队,经典/流行,0,QQMusic_Top_26
668714066,睡过你的枕边,饼叔,经典/流行,0,QQMusic_Top_26
667194328,อยากไปเกาะพีพี (好想去那pp岛),阿南,经典/流行,0,QQMusic_Top_26
670758299,醉拳 (Live),张杰,经典/流行,1,QQMusic_Top_26
102197706,Chicago,Michael Jackson,经典/流行,1,QQMusic_Top_26
649847064,够爱 (浴室氛围版),404Hz,经典/流行,0,QQMusic_Top_26
181629,表白,萧亚轩,经典/流行,1,QQMusic_Top_26
661400046,无憾 (港风时光版),林咏诗,经典/流行,0,QQMusic_Top_26
670515851,Never Lose,鹭卓,经典/流行,0,QQMusic_Top_26
666098274,你给的落差,何遇Hayu,经典/流行,0,QQMusic_Top_26
604649262,California,Jessie J,经典/流行,0,QQMusic_Top_26
1126394,我是真的爱你,李宗盛,经典/流行,1,QQMusic_Top_26
663064544,想你一次落一粒沙 (对唱版),大潞,经典/流行,0,QQMusic_Top_26
669086480,西厢寻他 (饮下我一干二净的牵挂),唐伯虎Annie,经典/流行,0,QQMusic_Top_26
668956335,我在月光下许过情真 (微醺版),苏晚星,经典/流行,0,QQMusic_Top_26
456891728,...Baby One More Time,Britney Spears,经典/流行,0,QQMusic_Top_26
488926804,少管我,周深,经典/流行,0,QQMusic_Top_26
670883129,3am牵着你,李佳薇,经典/流行,0,QQMusic_Top_26
662781797,放下你也放过自己 (对唱版),恰恰恰恰恰,经典/流行,0,QQMusic_Top_26
202027909,STYX HELIX,MYTH & ROID,经典/流行,1,QQMusic_Top_26
658209592,Behind The Shine,RIIZE (라이즈),经典/流行,0,QQMusic_Top_26
655153786,一吻天荒 (带感氛围版),Sixteen,经典/流行,0,QQMusic_Top_26
658667278,小幸运 (氛围版),Sixteen,经典/流行,0,QQMusic_Top_26
658282066,Afraid of 2 Lonely Beats (孟菲斯进行曲),Sixteen,经典/流行,0,QQMusic_Top_26
740365,美,王力宏,经典/流行,1,QQMusic_Top_26
636258932,交给时间斑驳,供销社乐队,经典/流行,0,QQMusic_Top_26
669616595,想爱谁就爱谁,正在进行石女士,经典/流行,0,QQMusic_Top_26
667860502,Song for U (Live),宋亚轩,经典/流行,1,QQMusic_Top_26
666066231,心云（我要告诉天上的风）,张偲偲,经典/流行,0,QQMusic_Top_26
667171659,劫,黄霄雲,经典/流行,0,QQMusic_Top_26
478525369,留什么给你 (Live),半吨兄弟,经典/流行,0,QQMusic_Top_26
652631843,爱从不容许人三心两意 (R&B版),404Hz,经典/流行,0,QQMusic_Top_26
658210348,过活 (邮差和信飞鸟和鱼),顾叮当,经典/流行,0,QQMusic_Top_26
663628003,听风 (静坐听风 山野相拥),DJ阿彪,经典/流行,0,QQMusic_Top_26
666049519,蹦迪进行曲 (动感嗨曲),Grimmmz,经典/流行,0,QQMusic_Top_26
551245257,Sorrow,Sbazzo,经典/流行,0,QQMusic_Top_26
127550825,想说,Lambert凌杰,经典/流行,0,QQMusic_Top_26
664952981,小宇 (Live),宋亚轩,经典/流行,0,QQMusic_Top_26
102681733,爱你等于爱自己,王力宏,经典/流行,1,QQMusic_Top_26
664944322,雨爱 (Live),马嘉祺,经典/流行,0,QQMusic_Top_26
652522997,有人说,郑鱼,经典/流行,0,QQMusic_Top_26
103895598,有点儿意思 (That Good Good),鹿晗,经典/流行,1,QQMusic_Top_26
7122566,心酸,林宥嘉,经典/流行,1,QQMusic_Top_26
667081578,Last Train (feat. Oh Yun),Dept (뎁트),经典/流行,0,QQMusic_Top_26
102383421,白桦林,朴树,经典/流行,1,QQMusic_Top_26
646493716,天和山雨雪,银临,经典/流行,1,QQMusic_Top_26
666829417,同和,队长,经典/流行,1,QQMusic_Top_26
664952979,遗失的心跳 (Live),宋亚轩,经典/流行,0,QQMusic_Top_26
667080420,第三个吻痕 (Live),周震南,经典/流行,1,QQMusic_Top_26
374090342,醉清风 (2005版),弦子,经典/流行,0,QQMusic_Top_26
664953081,在加纳共和国离婚 (Live),张真源,经典/流行,0,QQMusic_Top_26
1148376,要我怎么忘了他,谢霆锋,经典/流行,1,QQMusic_Top_26
646102901,红尘一路痴心荒凉 (Live现场版),百龙,经典/流行,0,QQMusic_Top_26
368430379,最后一堂课,Eric周兴哲,经典/流行,1,QQMusic_Top_26
666073529,归家,十二大美女,经典/流行,0,QQMusic_Top_26
657041429,我也曾像个傻子一样爱你,刘书云,经典/流行,0,QQMusic_Top_26
657098009,当 (R&B版),耳机里的歌,经典/流行,0,QQMusic_Top_26
106666466,等你等到我心痛,张学友,经典/流行,1,QQMusic_Top_26
641227464,Odd (GAEUL Solo),秋天 (GAEUL),经典/流行,0,QQMusic_Top_26
4830460,只要为你活一天,谢霆锋,经典/流行,1,QQMusic_Top_26
4929972,幸福,齐豫,经典/流行,1,QQMusic_Top_26
483441908,Баллада,Xcho,经典/流行,0,QQMusic_Top_26
652983433,我曾像傻子一样爱你,烟嗓船长,经典/流行,1,QQMusic_Top_26
5695,知道,张惠妹,经典/流行,1,QQMusic_Top_26
636231802,只是有人留在了昨天,供销社乐队,经典/流行,0,QQMusic_Top_26
662745402,我会忘记 (我会放弃),承桓,经典/流行,0,QQMusic_Top_26
657621561,划过我无边的心上 (女声氛围版),QAQA,经典/流行,0,QQMusic_Top_26
657602211,Blue Lips ​,CORTIS,经典/流行,1,QQMusic_Top_26
323531175,Heat Waves,Glass Animals,经典/流行,1,QQMusic_Top_26
668595963,半句再见 (Live),张碧晨,经典/流行,1,QQMusic_Top_26
666095192,就这般望着你 (氛围版),野原新之卓,经典/流行,0,QQMusic_Top_26
669760763,Bird Can Fly,张远,经典/流行,0,QQMusic_Top_26
664952954,指纹 (Live),时代少年团,经典/流行,0,QQMusic_Top_26
668718481,爱你爱得一败涂地,烟嗓船长,经典/流行,0,QQMusic_Top_26
670690320,你是旷野 是山间的风 (单人版),崔十八,经典/流行,0,QQMusic_Top_26
665216044,有风的日落,杨小壮,经典/流行,0,QQMusic_Top_26
664944321,看得最远的地方 (Live),马嘉祺,经典/流行,0,QQMusic_Top_26
656518443,想念是会呼吸的痛 (氛围R&B),404Hz,经典/流行,0,QQMusic_Top_26
663049195,Ghost Hands,Gouttière,经典/流行,0,QQMusic_Top_26
102692390,再飞行,逃跑计划,经典/流行,1,QQMusic_Top_26
468161172,落笔,张曦匀,经典/流行,1,QQMusic_Top_26
663690615,若不是因为你 (深情男版),烟嗓船长,经典/流行,0,QQMusic_Top_26
571583382,有雨有雨,野洵,经典/流行,0,QQMusic_Top_26
666087945,Wanderlust,Agera,经典/流行,0,QQMusic_Top_26
109170,苦口良药,陈慧珊,经典/流行,1,QQMusic_Top_26
666401051,凌绝顶,梓渝,经典/流行,0,QQMusic_Top_26
312917433,什么是逍遥,王同学Able,经典/流行,0,QQMusic_Top_26
662983780,情歌(命运好幽默),wilson生,经典/流行,0,QQMusic_Top_26
660532753,为你我受冷风吹,轻烟大叔,经典/流行,0,QQMusic_Top_26
5021678,悲伤的李白,徐良,经典/流行,1,QQMusic_Top_26
657668166,幻听 (氛围版),晚月moon,经典/流行,0,QQMusic_Top_26
668312303,着火的沉默世界,鞠婧祎,经典/流行,0,QQMusic_Top_26
201581793,新鲜感,雷智皓,经典/流行,0,QQMusic_Top_26
658343385,菩提树下许无悔,陈子尧,经典/流行,0,QQMusic_Top_26
612314097,Raindance (Explicit),Dave,经典/流行,1,QQMusic_Top_26
667165179,耀眼,刘宇宁,经典/流行,1,QQMusic_Top_26
274974045,Kong,侧田,经典/流行,1,QQMusic_Top_26
659400038,춤 (CHOOM),BABYMONSTER (베이비몬스터),首发/流行,1,QQMusic_Top_27
672014280,雾岛的猫,张巍,首发/流行,0,QQMusic_Top_27
669773140,小兵出海,辛敏琦,首发/流行,0,QQMusic_Top_27
663981953,Roll,Olivia Marsh,首发/流行,0,QQMusic_Top_27
669079424,洛克 101,赖美云,首发/流行,1,QQMusic_Top_27
654850471,Who is she,KISS OF LIFE,首发/流行,1,QQMusic_Top_27
664946604,UMBRELLA,La Mer,首发/流行,0,QQMusic_Top_27
666247402,Emotionally Unavailable,Niykee Heaton,首发/流行,0,QQMusic_Top_27
670633612,累赘,Steven 呆呆,首发/流行,0,QQMusic_Top_27
665995329,Love Story,七元,首发/流行,0,QQMusic_Top_27
664901573,忧郁烙印,善宇,首发/流行,0,QQMusic_Top_27
663702357,深爱过的人怎么放手,洋澜一,首发/流行,0,QQMusic_Top_27
666829416,21,队长,首发/流行,1,QQMusic_Top_27
668349773,给阿嬷的情书 (暹罗没有春天),袁小葳,首发/流行,0,QQMusic_Top_27
657602212,ACAI,CORTIS,首发/流行,1,QQMusic_Top_27
657602207,TNT,CORTIS,首发/流行,1,QQMusic_Top_27
667794834,一千个伤心的理由,赵乃吉,首发/流行,0,QQMusic_Top_27
668254252,晚风,展轩,首发/流行,0,QQMusic_Top_27
666507337,撞地球,刘宇宁,首发/流行,0,QQMusic_Top_27
665553942,满心愧疚 ,金润吉,首发/流行,0,QQMusic_Top_27
664409971,我需要的是你时刻陪伴,Grimmmz,首发/流行,0,QQMusic_Top_27
667482136,一个人熬过失眠,逵逵爱唱歌（KuiKui）,首发/流行,0,QQMusic_Top_27
667451462,同谋者的默契,仁俊,首发/流行,1,QQMusic_Top_27
663651914,我删掉了照片我删掉了你,何遇Hayu,首发/流行,0,QQMusic_Top_27
668299969,骗子,轻烟大叔,首发/流行,0,QQMusic_Top_27
661454451,星梦-XingMeng,GAI周延,首发/流行,1,QQMusic_Top_27
669074358,安妮（闭上眼睛想起你的情）,洋澜一,首发/流行,0,QQMusic_Top_27
662742137,情人 (氛围粤语版),Sixteen,首发/流行,0,QQMusic_Top_27
668657995,怎么断句呢 (座右铭),周华健,首发/流行,1,QQMusic_Top_27
664436891,Can We Just Do This,NAVE,首发/流行,1,QQMusic_Top_27
667591441,吾辈当自强,张艺兴,首发/流行,0,QQMusic_Top_27
664902297,一心两分,善宇,首发/流行,0,QQMusic_Top_27
663075313,中环至半山,刘莉旻,首发/流行,0,QQMusic_Top_27
658567382,Switchblade (Feat. Ty Dolla $ign),aespa (에스파),首发/流行,0,QQMusic_Top_27
664643771,红颜旧,赵十三,首发/流行,0,QQMusic_Top_27
658567379,Bite,aespa (에스파),首发/流行,0,QQMusic_Top_27
666727383,词不达意,赵乃吉,首发/流行,0,QQMusic_Top_27
667480977,特别的爱给特别的你,橘子妹,首发/流行,0,QQMusic_Top_27
664056546,善变,郑鱼,首发/流行,0,QQMusic_Top_27
666750611,普通的歌,TF家族-张桂源,首发/流行,0,QQMusic_Top_27
664065713,忧郁是悲伤的天赋,纯音乐,首发/流行,0,QQMusic_Top_27
668594736,男人怎可以,MC 张天赋,首发/流行,1,QQMusic_Top_27
663624794,戏烬（今我夫妻二人）,李袁杰,首发/流行,0,QQMusic_Top_27
668644679,写给阿嫲的情书,何欢浪,首发/流行,0,QQMusic_Top_27
666829415,小雨,队长,首发/流行,1,QQMusic_Top_27
668681422,宇宙之外,王安宇,首发/流行,0,QQMusic_Top_27
658567386,'Til We Die,aespa (에스파),首发/流行,0,QQMusic_Top_27
653965578,완전미쳤어! (Studio54),T.O.P (崔胜铉),首发/流行,1,QQMusic_Top_27
664701702,The Light Within (破碎氛围版),Grimmmz,首发/流行,0,QQMusic_Top_27
667163032,焰 (Born of fire),喻言,首发/流行,0,QQMusic_Top_27
665213715,记得,橘子妹,首发/流行,0,QQMusic_Top_27
660466843,爱你是输了又输的苦,大熊土豆,网络神曲/下沉,0,QQMusic_Top_28
665769058,我曾不顾一切爱过你,烟嗓船长,网络神曲/下沉,0,QQMusic_Top_28
657717948,我漂泊的船能不能靠在你的 (破碎氛围版),404Hz,网络神曲/下沉,0,QQMusic_Top_28
666066522,有风的日落,王一佳,网络神曲/下沉,0,QQMusic_Top_28
659845830,偷偷的哭 (氛围R&B宿命版),纯音乐,网络神曲/下沉,0,QQMusic_Top_28
666135370,岁月如笔写春秋,河南三妹5233,网络神曲/下沉,0,QQMusic_Top_28
664947129,无爱一身轻,田园,网络神曲/下沉,0,QQMusic_Top_28
664347625,半生风雪半生你,王一佳,网络神曲/下沉,0,QQMusic_Top_28
663702328,可惜春风不懂我伤悲,洋澜一,网络神曲/下沉,0,QQMusic_Top_28
666350805,两手空空怎敢把你爱,文夫,网络神曲/下沉,0,QQMusic_Top_28
666507452,冰吻,洋澜一,网络神曲/下沉,0,QQMusic_Top_28
663043631,从此后不再挽留 (对唱版),李发发,网络神曲/下沉,0,QQMusic_Top_28
665035472,伤离别,洋澜一,网络神曲/下沉,0,QQMusic_Top_28
664339468,来生别再错过我 (男女对唱版),婉婷,网络神曲/下沉,0,QQMusic_Top_28
667469816,提起你字字都是喜欢,吕口口,网络神曲/下沉,0,QQMusic_Top_28
664903065,你到底有没有真的爱过我,蓝波,网络神曲/下沉,0,QQMusic_Top_28
661374472,当我想你的时候,轻烟大叔,网络神曲/下沉,0,QQMusic_Top_28
667466273,自渡（活成心中的英雄）,轻烟大叔,网络神曲/下沉,0,QQMusic_Top_28
655426439,是你没选我啊,向思思,网络神曲/下沉,0,QQMusic_Top_28
662758487,我是一个简单的人,街坊东哥,网络神曲/下沉,0,QQMusic_Top_28
662730068,唯有相思最难医,刘书云,网络神曲/下沉,0,QQMusic_Top_28
666875859,如果一切可以重新来过,田园,网络神曲/下沉,0,QQMusic_Top_28
667189568,求你别对她说,于冬然,网络神曲/下沉,0,QQMusic_Top_28
663377611,茶都凉了才续杯,大熊土豆,网络神曲/下沉,0,QQMusic_Top_28
662973363,不配说爱我,橘子妹,网络神曲/下沉,0,QQMusic_Top_28
657107357,菩提树下许无悔 (男女对唱版),婉婷,网络神曲/下沉,0,QQMusic_Top_28
665847604,就让岁月开成一朵花,洋澜一,网络神曲/下沉,0,QQMusic_Top_28
651076973,白狐,洋澜一,网络神曲/下沉,0,QQMusic_Top_28
657911002,心上住了一个秋,烟嗓船长,网络神曲/下沉,0,QQMusic_Top_28
662695064,我要找到你,十二大美女,网络神曲/下沉,0,QQMusic_Top_28
648500296,我曾像傻子一样爱你,洋澜一,网络神曲/下沉,0,QQMusic_Top_28
665557180,岁月如笔写春秋 (对唱版),郭少杰,网络神曲/下沉,0,QQMusic_Top_28
666046464,有风的日落,轩姨(相信光),网络神曲/下沉,0,QQMusic_Top_28
658718737,曾经最美,轻烟大叔,网络神曲/下沉,0,QQMusic_Top_28
666402351,挽留,何仟仟,网络神曲/下沉,0,QQMusic_Top_28
665962992,痴心未了,轻烟大叔,网络神曲/下沉,0,QQMusic_Top_28
660814708,从此不敢再爱一人,烟嗓船长,网络神曲/下沉,0,QQMusic_Top_28
663847243,来生别再成遗憾,洋澜一,网络神曲/下沉,0,QQMusic_Top_28
666076751,如果当初不曾遇见你,何欢浪,网络神曲/下沉,0,QQMusic_Top_28
666169797,敬我们一拍两散,洋澜一,网络神曲/下沉,0,QQMusic_Top_28
667420363,为什么你背着我爱别人,郑亦辰,网络神曲/下沉,0,QQMusic_Top_28
656535234,可惜春风不懂我伤悲,张良,网络神曲/下沉,0,QQMusic_Top_28
658277462,我在奈何桥上等了几千年,一凡,网络神曲/下沉,0,QQMusic_Top_28
652957498,可惜春风不懂我伤悲,张不问,网络神曲/下沉,0,QQMusic_Top_28
654867669,一生惦念的人 (有些人不会再遇见),烟嗓船长,网络神曲/下沉,0,QQMusic_Top_28
656546619,再也不问理由(可是我心中的话欲说还休),婉婷,网络神曲/下沉,0,QQMusic_Top_28
660827319,谁 (男女扎心合唱),梨子芥菜,网络神曲/下沉,0,QQMusic_Top_28
651219146,白狐,王佳音,网络神曲/下沉,0,QQMusic_Top_28
663624840,别把疼你的人弄丢了,田园,网络神曲/下沉,0,QQMusic_Top_28
667522290,喝醉以后才明白,吉他的天空,网络神曲/下沉,0,QQMusic_Top_28
650165122,哼着你爱听的歌,王一佳,网络神曲/下沉,0,QQMusic_Top_28
663361379,山高路远,十二大美女,网络神曲/下沉,0,QQMusic_Top_28
663347999,陪不了一生何必陪一程,刘书云,网络神曲/下沉,0,QQMusic_Top_28
661129821,不后悔爱过却不愿再相遇,洋澜一,网络神曲/下沉,0,QQMusic_Top_28
666408754,心事故事往事,向思思,网络神曲/下沉,0,QQMusic_Top_28
658664505,春风不懂我伤悲,黑子,网络神曲/下沉,0,QQMusic_Top_28
652630815,熬过风雪熬过冬天,顾叮当,网络神曲/下沉,0,QQMusic_Top_28
658361394,该遗憾的是你,赵乃吉,网络神曲/下沉,0,QQMusic_Top_28
659062053,痴情的唇吻上无情的人,婉婷,网络神曲/下沉,0,QQMusic_Top_28
666734101,真的用了心 (烟嗓蓝调版),呆帝,网络神曲/下沉,0,QQMusic_Top_28
652983555,风又吹过眼里的愁 (人生不过一场醉),曲木老表,网络神曲/下沉,0,QQMusic_Top_28
661176374,春风难解我的心酸(难暖心寒),烟嗓船长,网络神曲/下沉,0,QQMusic_Top_28
661252096,我爱过我痛过,刘梓旋,网络神曲/下沉,0,QQMusic_Top_28
661141550,心被伤透还不肯放手,烟嗓晓标,网络神曲/下沉,0,QQMusic_Top_28
659792879,淋雨的人 (深情版),寂寞阿图,网络神曲/下沉,0,QQMusic_Top_28
659071705,我也用心爱过你,刘书云,网络神曲/下沉,0,QQMusic_Top_28
665138551,用最狠的心 伤最爱你的人,烟嗓船长,网络神曲/下沉,0,QQMusic_Top_28
661362257,熬过了风熬过了雨,王佳音,网络神曲/下沉,0,QQMusic_Top_28
653230531,我眼里的雨,烟(许佳豪),网络神曲/下沉,0,QQMusic_Top_28
663052350,赶路的人不谈心酸（我单枪匹马走到现在）,蒋坤炜,网络神曲/下沉,0,QQMusic_Top_28
665216904,心一碰就碎,向思思,网络神曲/下沉,0,QQMusic_Top_28
657114858,风又吹过眼里的愁,王一佳,网络神曲/下沉,0,QQMusic_Top_28
657397986,秋风它知道,刘书云,网络神曲/下沉,0,QQMusic_Top_28
666764027,心总碎在零点零几分,夏婉安,网络神曲/下沉,0,QQMusic_Top_28
658328867,我笑着看你说谎,刘书云,网络神曲/下沉,0,QQMusic_Top_28
655812694,你从来没有爱过我,黑子,网络神曲/下沉,0,QQMusic_Top_28
667452661,你的爱不属于我,何欢浪,网络神曲/下沉,0,QQMusic_Top_28
660535531,疯子的爱人,万豹,网络神曲/下沉,0,QQMusic_Top_28
664927679,回不去的过去,文夫,网络神曲/下沉,0,QQMusic_Top_28
646979240,远航的帆,鱼精,网络神曲/下沉,0,QQMusic_Top_28
652164170,在不该动情的年纪爱上你,烟嗓超哥,网络神曲/下沉,0,QQMusic_Top_28
665979253,后来你连梦里都没再出现,烟嗓船长,网络神曲/下沉,0,QQMusic_Top_28
652958940,可惜春风不懂我伤悲,范贵宾,网络神曲/下沉,1,QQMusic_Top_28
659149685,我曾像傻子一样爱你,周深深,网络神曲/下沉,0,QQMusic_Top_28
659821544,最爱的人伤我最痛,烟嗓船长,网络神曲/下沉,0,QQMusic_Top_28
664661533,请你别再说爱我 (律动版),小梁的（梁思琪）,网络神曲/下沉,0,QQMusic_Top_28
661110319,如果还能见一面,烟嗓船长,网络神曲/下沉,0,QQMusic_Top_28
664037901,最爱的人没有在一起 (对唱版),李发发,网络神曲/下沉,0,QQMusic_Top_28
667137632,Turning Around (余烬重燃),鸣潮先约电台,内地/华语,1,QQMusic_Top_5
666385470,我爱你推广大使,蒋敦豪,内地/华语,1,QQMusic_Top_5
660913467,月下煮茶,陈佳,内地/华语,1,QQMusic_Top_5
666454755,九百九十九朵玫瑰 (微醺烟嗓版),半吨兄弟,内地/华语,0,QQMusic_Top_5
667440264,隐瞒,TF_ING邓佳鑫,内地/华语,0,QQMusic_Top_5
666057963,ZigZag,早安,内地/华语,1,QQMusic_Top_5
665183899,若不是因为你 (烟嗓版),半吨兄弟,内地/华语,0,QQMusic_Top_5
665958768,年少心动雨季,黄霄雲,内地/华语,0,QQMusic_Top_5
667993625,中巴情长,张艺兴,内地/华语,0,QQMusic_Top_5
666526645,All Eyes On Me,鹭卓,内地/华语,0,QQMusic_Top_5
664374954,Wish u never,TF_ING张子墨,内地/华语,0,QQMusic_Top_5
658298548,Fever Sation(Salp House),Vnriet,内地/华语,0,QQMusic_Top_5
666751202,留什么给你 (橘子妹版),橘子妹,内地/华语,0,QQMusic_Top_5
666451012,小小的,白鹿,内地/华语,1,QQMusic_Top_5
661399630,逝去的爱,李安,内地/华语,0,QQMusic_Top_5
666330864,想,陈卓璇,内地/华语,0,QQMusic_Top_5
659091482,夏夜最后的烟火 (R&B氛围版),404Hz,内地/华语,0,QQMusic_Top_5
664703173,来不及爱你 (带感氛围版),Sixteen,内地/华语,0,QQMusic_Top_5
667141615,本末,任素汐,内地/华语,0,QQMusic_Top_5
664150021,风靡,赵泳鑫,内地/华语,0,QQMusic_Top_5
664512931,等你的季节,半吨兄弟,内地/华语,0,QQMusic_Top_5
658296829,When We No Longer (MASHUP),Vnriet,内地/华语,0,QQMusic_Top_5
665196061,Credits,张靓颖,内地/华语,1,QQMusic_Top_5
662079327,俩俩相忘 (烟嗓版),半吨兄弟,内地/华语,0,QQMusic_Top_5
651957201,Stay With Me Beat,Eddie Chen,内地/华语,0,QQMusic_Top_5
661490535,Apology (宿命氛围版),Grimmmz,内地/华语,0,QQMusic_Top_5
665232474,爱多一点点,袁一琦,内地/华语,0,QQMusic_Top_5
666798141,花入泥,黄龄,内地/华语,0,QQMusic_Top_5
664995570,WTF FUNK (Dauntless夺命许愿),纯音乐,内地/华语,0,QQMusic_Top_5
664343612,孤剑吟,周深,内地/华语,1,QQMusic_Top_5
660047228,人生路漫漫,岳云鹏,内地/华语,0,QQMusic_Top_5
664987661,答案,叶麒圣,内地/华语,0,QQMusic_Top_5
666789358,一诺成川,侯明昊,内地/华语,1,QQMusic_Top_5
655487068,孤独Person (你对我的了解 无声的告别),Herme4,内地/华语,0,QQMusic_Top_5
653571380,不如见一面2026,海来阿木,内地/华语,0,QQMusic_Top_5
656520394,The Cure+One Last Time (动感慢摇版),Grimmmz,内地/华语,0,QQMusic_Top_5
666057969,玄鸟 (feat.胡夏),早安,内地/华语,0,QQMusic_Top_5
666348748,加冕,汪晨蕊,内地/华语,1,QQMusic_Top_5
664646141,Honey (烟嗓Funky版),半吨兄弟,内地/华语,0,QQMusic_Top_5
666450951,心似烟火 (带感进行曲),Sixteen,内地/华语,0,QQMusic_Top_5
664581360,安安-Good Trip,GAI周延,内地/华语,0,QQMusic_Top_5
650778662,够爱 (浴室氛围版),404Hz,内地/华语,0,QQMusic_Top_5
662742061,빈수레 (上头神婆棒棒曲),Sixteen,内地/华语,0,QQMusic_Top_5
661205245,Love Me Harder&We don't Talk Anymore (混搭),Grimmmz,内地/华语,0,QQMusic_Top_5
665244470,梦醒了,孙浩,内地/华语,1,QQMusic_Top_5
666524937,时光会发芽,胡夏,内地/华语,0,QQMusic_Top_5
663387513,Fever Pitch (Slow燃版),Grimmmz,内地/华语,0,QQMusic_Top_5
663676309,自渡 (烟嗓版),烟嗓船长,内地/华语,0,QQMusic_Top_5
649748044,锁,TF_ING张子墨,内地/华语,0,QQMusic_Top_5
665150509,晚安,何浩楠,内地/华语,1,QQMusic_Top_5
667481690,逆境Mystery Tour,TF家族-王烁然,内地/华语,0,QQMusic_Top_5
645889609,春,陈文非,内地/华语,0,QQMusic_Top_5
660879875,Run Wild（向风而野）,是晚星呀,内地/华语,0,QQMusic_Top_5
663617601,撑伞的人,写歌大,内地/华语,0,QQMusic_Top_5
664046753,心口不一,AK刘彰,内地/华语,0,QQMusic_Top_5
261268980,不分手的恋爱,汪苏泷,爆款/上升,1,QQMusic_Top_4
106164099,我的天空,南征北战NZBZ,爆款/上升,1,QQMusic_Top_4
599928275,难解,张曦匀,爆款/上升,0,QQMusic_Top_4
102329020,到不了,范玮琪,爆款/上升,1,QQMusic_Top_4
4933701,电台情歌,莫文蔚,爆款/上升,1,QQMusic_Top_4
354187080,篇章,张韶涵,爆款/上升,1,QQMusic_Top_4
649865674,去法国的票我退了 因为这里比法国美 (3D环绕音版),請發財,爆款/上升,0,QQMusic_Top_4
875235,为你写诗,吴克群,爆款/上升,1,QQMusic_Top_4
658673116,就当搁浅是靠岸,陆虎,爆款/上升,0,QQMusic_Top_4
213378752,左手指月,萨顶顶,爆款/上升,1,QQMusic_Top_4
664600492,爱旧爱,心碎小猫,爆款/上升,0,QQMusic_Top_4
644422335,我对缘分小心翼翼,林俊杰,爆款/上升,1,QQMusic_Top_4
660200,爱错,王力宏,爆款/上升,1,QQMusic_Top_4
668333968,你我为何沦落这步田地,.lanwj,爆款/上升,0,QQMusic_Top_4
670758570,Don't break my heart (Live),李宇春,爆款/上升,1,QQMusic_Top_4
384502429,在你的身边,盛哲,爆款/上升,0,QQMusic_Top_4
